Station_ID,Latitude,Longitude,Total Displacement [mm],dE [mm],dN [mm],dH [mm],ux [m],uy [m],uz [m],uxx,uxy,uyx,uyy,uzx,uzy
AKYR,34.9808312442,24.912607082500017,1.6972025547204588,-0.5321425592168412,-1.5963921823680218,-0.2210267144353087,0.0003623590050030323,0.0016432710229139919,-0.0002210267144353087,1.0453578003254678e-09,-2.6052513936250513e-09,-7.058013948450588e-09,-7.2813543907367e-09,1.6065522695142572e-09,5.54007616015606e-10
ALE3,40.8491656686,25.853456076600025,1.892765177126777,-0.1525291480406563,1.8722578472824023,-0.23226155091021078,0.0003473978130255351,-0.0018460577854492038,-0.00023226155091021078,1.9717565237616858e-09,2.7800417845170343e-09,6.577260615086643e-09,-9.285313031918667e-09,1.2812321237158236e-09,-7.03413121458257e-10
ANDR,37.8863734555,24.73709084040001,1.476895808337529,0.2916962912731147,-0.05332149177145898,1.4468211087960183,-0.0002956719620628434,2.25388259927628e-05,0.0014468211087960182,5.623612230241442e-09,-8.741667170022776e-10,-2.45624914020793e-11,1.635737766768932e-08,-1.5762444255198806e-08,-4.739614635773723e-10
ANOP,35.2179647681,24.095992169999988,1.2449288639115546,-0.522480789723792,-1.1259882635082405,-0.09493224431884537,0.0004019207624476884,0.001174434096023344,-9.493224431884537e-05,-1.0735518663083692e-09,-1.8947809178890143e-09,-7.2118648385206185e-09,-2.834621132876454e-09,1.5299079582476792e-09,-5.195217125200943e-10
ARK1,35.1339802842,25.2689476187,2.105733224380754,-0.5818569433682506,-2.0029292377231016,-0.2895330350565842,0.0003693063548987352,0.002052777593920807,-0.0002895330350565842,2.2677895536276592e-09,-3.0817833985902604e-09,-7.910030465002955e-09,-1.0844270843812145e-08,1.7904465174535844e-09,1.0750303577607372e-09
AST5,36.5486046241,26.350941286900024,11.324585591776854,-1.6854031940199257,-11.121379021446687,-1.3117101663068995,0.0005136697204475016,0.01123662754937541,-0.0013117101663068995,4.723292222219922e-08,-1.038986617723862e-08,-2.559104999582196e-08,-1.524205236835717e-07,4.847883098536061e-09,1.2938271903677472e-08
ASTY,36.5451323953,26.35332162269998,11.275232132825456,-1.664873067367052,-11.0746366785699,-1.3082353596848493,0.0004981379652469753,0.01118799528335392,-0.0013082353596848492,4.6989650396267596e-08,-1.0057529866606445e-08,-2.4756864053773593e-08,-1.514873420973309e-07,4.693284902078911e-09,1.2904186183459634e-08
AYD1,37.8407265492,27.83788451110001,3.2850761382128213,-0.31873815443980585,1.4698527843609328,2.920558853210457,0.00047063352625859034,-0.0014284835675466082,0.0029205588532104573,9.32878887537487e-09,6.706790035240312e-08,-4.158788767951839e-08,6.469013347871347e-08,3.848546677421852e-08,2.4336640215307708e-08
AYVL,39.3114429293,26.6861782332,8.673643824802395,0.466069590782993,8.637247440788196,-0.6425208033035632,0.00043932178904904085,-0.008638649233677775,-0.0006425208033035631,3.2939996141874936e-08,7.873812140694893e-09,1.6634984661949827e-08,-1.0167717682859592e-07,1.741852821995827e-09,-9.283747530155726e-10
BAL1,39.6294995568,27.892661172399983,4.023126277041376,1.3668674936902816,3.7688629888487513,-0.33599117101451925,-0.0009654261940514469,-0.003891093321659149,-0.0003359911710145193,3.3821407642010147e-09,-1.0718252324541823e-08,-2.6375537733366326e-08,-2.603542473280429e-08,-3.9414741210159885e-09,-1.1216255631554315e-11
BALK,39.6393659686,27.89363153369999,3.9939616424025095,1.3522469479258272,3.7430156974650965,-0.33614175780124916,-0.0009535875188144277,-0.003863859361261248,-0.00033614175780124914,3.4167295987600793e-09,-1.056268979628229e-08,-2.5955710784472686e-08,-2.582263009526806e-08,-3.894756043887435e-09,-4.895089346152955e-11
BAND,40.3312259578,27.99671177990001,2.4458371867165507,0.6834766216137733,2.3310651876773254,-0.2848057977496796,-0.00043606980332260015,-0.002389738129612508,-0.00028480579774967964,3.061304434465957e-09,-3.98761760755421e-09,-9.306075419847363e-09,-1.3770865516503259e-08,-1.7069149804852735e-09,-9.212472629521486e-10
BNDR,40.3486525482,27.97494641869997,2.439331569249197,0.6699634595716185,2.327938704504211,-0.28668598787843363,-0.0004229574742775355,-0.0023852162635791922,-0.00028668598787843363,3.151352118651693e-09,-3.8760040183090885e-09,-9.006135449944915e-09,-1.3811195781371677e-08,-1.6563283777549334e-09,-9.569626426993192e-10
CANA,40.1112056146,26.414336083900025,3.606166274491884,-0.03286338042650936,3.5827826955934623,-0.4086849075579588,0.00040718612078230465,-0.0035597206784604984,-0.0004086849075579588,7.588692353038909e-09,4.686070462926722e-09,1.0320802898825306e-08,-2.6517910537483808e-08,1.7179221399450076e-09,-1.8042051353296169e-09
CESM,38.3038153588,26.3725707982,46.81859121968823,-7.980425608316704,45.582757341538844,7.106723861863319,0.012701403578242017,-0.04449886860236012,0.007106723861863319,1.2132304272436934e-07,2.9338848263330875e-07,1.1065412290964403e-06,-6.481808632528386e-07,-1.987502887045334e-07,2.9100594154551426e-07
DATC,36.7085723539,27.691835665099973,4.964732029274415,1.4342311028641068,-4.742356681985043,0.3187449872739567,-0.0019220854910515228,0.0045664595827271046,0.00031874498727395674,-2.8115768711519247e-08,4.761298576635567e-09,8.323257552655298e-08,2.152164763592596e-09,-9.75984758179983e-09,-1.8058011986385854e-08
DEI1,39.0508993781,28.662686939600007,2.581844644818998,1.3644758298592625,2.1881640026979294,0.12675084618018162,-0.0011282756679162204,-0.0023188035730008164,0.0001267508461801816,-1.0996182652588699e-08,-3.795263000501632e-09,-2.884944411436061e-08,-2.9480100641916946e-10,-2.9324987444242455e-09,5.358118112674326e-09
DEIR,39.0348514814,28.648405101399987,2.616944474552288,1.3859648802052316,2.2157321704344852,0.13427837737005865,-0.0011467653407873507,-0.002348466936839752,0.00013427837737005864,-1.1357424823276495e-08,-3.792906851079372e-09,-2.9556849090540423e-08,-1.4331093496027726e-10,-2.9508139288634712e-09,5.53205290541062e-09
DIDI,37.3721296973,27.26866140419997,11.170634352630909,1.966941685910609,-10.030752224350541,4.505354820443289,-0.00300466568898064,0.009770201322365302,0.004505354820443289,-1.8105684128378043e-07,-2.3063503267511642e-07,4.395327977938014e-07,2.8291628466930094e-07,5.274367396664346e-08,-1.6316372630382768e-07
DSLN,36.4608693203,25.38922897330002,4.922860838760503,-1.9881113764992857,-4.4937299775771695,-0.29725894613984866,0.0015074976054633704,0.004676927081563684,-0.00029725894613984866,-5.863831723762139e-09,-1.4733892072926132e-08,-5.436901511006156e-08,-2.4477533211148124e-08,9.860234990705184e-09,-3.973409206204265e-09
DUTH,41.1402123929,24.916802209799982,1.2344779175402443,-0.22402568814948606,1.2076703878775141,-0.12361413425422511,0.0003490343817682956,-0.001177637582217339,-0.00012361413425422511,-9.306802421779171e-11,1.985190876409089e-09,5.579147191092066e-09,-3.825697673114051e-09,1.1137420921315186e-09,2.1844209061060604e-11
EDIR,41.6767128926,26.551012440399973,1.3008496775053064,0.03716055581003918,1.285991272641583,-0.19249785257823004,9.746570510769936e-05,-0.0012828308136875605,-0.00019249785257823004,1.7460660751453906e-09,6.814449922315804e-10,1.5188762055639134e-09,-5.8750032160916894e-09,3.2587090704608256e-10,-7.251634219415322e-10
GODA,40.1971577914,25.903455022199974,2.955950120251837,-0.31234868925828335,2.9234657643139763,-0.30565885333093057,0.0006162229942162784,-0.0028748013844779596,-0.00030565885333093054,3.181931740254898e-09,6.048978268989361e-09,1.4468289339477501e-08,-1.7443692741361023e-08,2.475079786270082e-09,-7.127703541889451e-10
GVDS,34.8314719014,24.08120616039997,1.1169573067567338,-0.43663149726032546,-1.022040544755409,-0.11126403549004127,0.0003274072566923081,0.0010620821191362484,-0.00011126403549004127,-4.0687043088164003e-10,-1.632244054239989e-09,-5.409465539616353e-09,-2.9374891357943324e-09,1.2069445326111764e-09,-1.5046894670075257e-10
HAR3,41.9235503811,25.916516465100017,1.0865406737443464,-0.04400798614959336,1.074398897266191,-0.15588759543038594,0.00015607217146453023,-0.0010639131405270341,-0.00015588759543038594,1.0653755267838854e-09,9.68894593615881e-10,2.251198894832408e-09,-4.240768383319854e-09,4.911187244782966e-10,-4.790499444722224e-10
HARM,41.8844415837,25.84633229719998,1.096055048915177,-0.05364266032859675,1.08364704635307,-0.15546129478294368,0.00016662076070241005,-0.0010721035295995496,-0.00015546129478294368,1.0350043285161074e-09,1.0337914899752733e-09,2.4171113546194424e-09,-4.2553559839963796e-09,5.255592524214324e-10,-4.664665255907286e-10
HERA,35.3241276658,25.141503162899998,2.2163786290538763,-0.6873929186136583,-2.088272555790367,-0.28096785492170984,0.0004653433871416035,0.0021486849056739366,-0.00028096785492170984,1.6646176998193347e-09,-3.838351450012101e-09,-1.0366161943891883e-08,-1.0953487760405033e-08,2.3017628096629016e-09,7.904208474817062e-10
IDI0,35.288808933,24.890399762000012,1.9357836993915065,-0.6609994250297443,-1.8051927896002216,-0.2271943734241319,0.0004686843728191614,0.0018643970087375145,-0.0002271943734241319,6.128919241320486e-10,-3.447677189706798e-09,-9.899062210352971e-09,-8.219038158012072e-09,2.1888873486882903e-09,3.2957835146492353e-10
IERA,35.0530693748,25.797232298600026,2.3422118267973584,-0.4395213118385097,-2.2732878512961725,-0.3534679662690887,0.00019949028244337086,0.0023067770298886014,-0.0003534679662690887,4.0797439435471535e-09,-1.8538176774677467e-09,-4.417356978867379e-09,-1.4058225196652031e-08,1.0091318363649086e-09,1.8270260927999352e-09
IKAR,37.6282039878,26.224234334699982,25.347878778074897,4.339719689236857,-15.31435246134145,19.726946044855364,-0.005916731979430073,0.014776834606062775,0.019726946044855365,-5.140316540545625e-07,3.896528960957491e-06,-1.8628610500576352e-06,4.96124240800797e-06,-1.8162509396145668e-06,-1.8911599274856188e-07
IPS1,40.9214661402,26.385508862999984,1.9811593168772508,0.0005716011250427196,1.9631594419747045,-0.26645246763213476,0.00020463756978472691,-0.001952464797730008,-0.00026645246763213476,3.108774823489348e-09,1.7519770761193345e-09,3.9075547324659784e-09,-1.086332937099098e-08,7.705703731704525e-10,-1.1022478448470744e-09
IPS4,40.9219251616,26.38526212310001,1.9805292101900471,0.0005105486602297233,1.9625335489459164,-0.26637898006003774,0.00020463286416128046,-0.0019518359516883937,-0.00026637898006003774,3.1069963265248564e-09,1.751637411407838e-09,3.906888709228972e-09,-1.0857893812912554e-08,7.704889012030829e-10,-1.1017786911889245e-09
IPSA,40.9175332766,26.37978245300002,1.9849102176999434,-0.0012522723453494593,1.9669178810910946,-0.26664780739343863,0.00020684431575053452,-0.0019560120010326115,-0.00026664780739343863,3.1098285237449467e-09,1.771954835538425e-09,3.9536418064867555e-09,-1.0886933462847196e-08,7.792026293209173e-10,-1.1015759946431347e-09
ISTN,40.9909629543,28.831636081800013,1.3253719430856639,0.433490147514984,1.2423791729386349,-0.1587169498649078,-0.00030125145738706116,-0.0012808853487984084,-0.0001587169498649078,6.748121088361144e-10,-1.9295650261084324e-09,-4.8747182150291125e-09,-4.998811695034546e-09,-9.988363536181322e-10,-2.98840981302582e-10
IZMI,38.3948077729,27.081822277699985,32.99103394841312,11.921932431586201,30.619174469050346,2.9566878286176697,-0.008656047584539611,-0.03169762070382629,0.0029566878286176696,8.306793798134664e-08,-2.2442595707726664e-07,-6.241757428494213e-07,-5.047272888157446e-07,6.105469802401373e-08,1.5739941923774095e-07
KALY,36.9558024293,26.97615189200002,18.804219697171337,2.516730721402895,-18.607515399133053,-1.0124799091634349,-0.004447958797081736,0.018242511488073404,-0.0010124799091634348,1.9546152418579983e-08,9.555416515767267e-08,3.2012625121919196e-07,-2.4579512796350177e-07,-5.03802495194891e-08,-1.4637722711178606e-08
KARB,41.3471195442,28.68277296769997,1.2020374706273782,0.34492157164842585,1.1403529377177248,-0.15974469519329687,-0.0002238327150268088,-0.0011701600868400841,-0.00015974469519329688,9.492076479794244e-10,-1.4200445229144818e-09,-3.4184428629601576e-09,-4.6630597403946846e-09,-7.251128544564871e-10,-4.2415095090103e-10
KATC,35.9514806193,27.78078263549997,3.124541110130342,0.6902972071904185,-3.0415470968555636,-0.18771833221386397,-0.001004443930852944,0.0029527294773510973,-0.00018771833221386397,-4.201208495534013e-09,7.430691980556865e-09,2.8941292130778944e-08,-1.1174514411089392e-08,-5.491987964906206e-09,-2.407446316532696e-09
KAV1,40.9338005429,24.38731428699998,1.0814651438789187,-0.26665557138769397,1.045768120672298,-0.06950324782686564,0.0003745073388551762,-0.0010121661963878176,-6.950324782686564e-05,-1.0101495948923931e-09,1.6698127527172586e-09,5.843052412634573e-09,-2.2100626567899474e-09,1.0996664559512803e-09,4.5255208375649746e-10
KERA,36.4178443757,25.348112392400022,4.622379560873088,-1.8688311323484763,-4.218075281712533,-0.28583897800706776,0.0014176845527217596,0.004390314270345946,-0.00028583897800706776,-5.381704289853053e-09,-1.3434834452498137e-08,-4.9455298365605054e-08,-2.225306725405063e-08,9.060259854827948e-09,-3.5637425404833527e-09
KIKA,39.1059919179,27.672205827200003,6.97170554768924,2.657378243099554,6.437957594227165,-0.3093883186463474,-0.001969871033130899,-0.006680461452983462,-0.00030938831864634744,1.8717985240611773e-09,-2.7182986548259705e-08,-7.019508357682582e-08,-5.317677245813714e-08,-7.180515481129594e-09,4.410956861871692e-09
KIRL,41.7381230257,27.217951277099985,1.2613939445725855,0.1351672776266719,1.239456532700509,-0.1912903395611329,-4.86833048680968e-06,-0.0012467954879422866,-0.0001912903395611329,1.7842817134830408e-09,-3.384035823604552e-11,-7.452305747639587e-11,-5.717598987168549e-09,-1.6132073794430853e-11,-7.429309159061024e-10
KISM,35.4954141296,23.6541720404,1.0014015576539568,-0.47269487062066534,-0.8827236837698291,-0.012788161420071442,0.00037783564850610296,0.0009272980994897151,-1.2788161420071442e-05,-1.893858877767003e-09,-1.0137984783160975e-09,-6.577204544188538e-09,-7.909168706041503e-10,1.2227004460515791e-09,-1.0883638406869202e-09
KOM1,41.1224193267,25.39563979349998,1.4469601035049289,-0.18562251804081797,1.4250102438289525,-0.16906693027830821,0.0003335597893930897,-0.0013978010520532963,-0.00016906693027830821,7.345592488852936e-10,2.2260929200629545e-09,5.63230949396107e-09,-5.666988862336017e-09,1.1336861600615277e-09,-3.072095343457927e-10
KOMO,41.1199265338,25.4059249801,1.452939565418478,-0.18476430899807827,1.4310661672009781,-0.170132759842425,0.00033333929807302654,-0.0014039135077158482,-0.000170132759842425,7.54643218383819e-10,2.2321756617740126e-09,5.637609961440627e-09,-5.7167198731577964e-09,1.1345655428001533e-09,-3.145693322451115e-10
KRP1,35.4805247476,27.12028503739998,3.1799644032143024,0.19661297036014216,-3.1459988983725373,-0.41977121987463173,-0.0005243823342251652,0.0031082131355857218,-0.00041977121987463173,4.598595193055379e-09,5.418870734356047e-09,1.3814737559525474e-08,-2.0461500134363884e-08,-3.0031256176446633e-09,1.907260722299573e-09
KRPS,35.5470891948,27.161062931300023,3.3073170476957903,0.24131524606606977,-3.2709931060135937,-0.42510834666801417,-0.000581905178629577,0.0032278499516948528,-0.00042510834666801417,4.487340737520757e-09,6.072026717927065e-09,1.569948958972169e-08,-2.1325338611445618e-08,-3.3839626067778596e-09,1.825236694317476e-09
KRU1,41.4734796865,25.65192244790001,1.2917008405456056,-0.10689507701039909,1.2760130249575612,-0.16986837291214224,0.00023968917520224287,-0.0012578493139646235,-0.00016986837291214224,1.0677302080855218e-09,1.5779990021460513e-09,3.787629024647797e-09,-5.202768944682336e-09,7.940637188845028e-10,-4.6278878298330107e-10
LEMN,39.8972205094,25.1805653271,2.4872317664908783,-0.6254580752869202,2.4044981048304384,-0.11624508663400027,0.0008733702423356499,-0.0023259478411773032,-0.00011624508663400026,-3.3772360418652653e-09,6.014225148366985e-09,2.0078671298576786e-08,-7.837891659991763e-09,3.079066020890478e-09,1.6855171033767987e-09
LES4,39.1000831959,26.553788731999987,11.490273702284407,0.052400804695595285,11.475047381614221,-0.5890089123132547,0.0011473553211189536,-0.011417663246992537,-0.0005890089123132547,4.670546697785649e-08,2.315426996220916e-08,4.9522092080634785e-08,-1.5035707154739326e-07,3.763952736585745e-09,4.245972279140235e-09
MIL7,36.7422182135,24.43127598839999,1.6566624063196114,-0.8232543784449573,-1.3977816391336164,0.336138433067142,0.0006726365380989308,0.0014761779601193542,0.000336138433067142,-8.876338689249021e-09,2.937257053986334e-09,-1.954393751103691e-08,5.868863294971088e-09,1.0241464296288255e-09,-6.807301813293292e-09
MKMN,36.4084875684,25.401260046999997,4.846891910132925,-1.9072134012379582,-4.443461431701152,-0.33248870001049635,0.001432297291626139,0.00461847777100613,-0.0003324887000104963,-4.075817535737765e-09,-1.4468670735279685e-08,-5.066168648923488e-08,-2.5671073602865607e-08,9.386888455878463e-09,-2.993551620905241e-09
MLOS,36.7468064396,24.51912598550001,1.8232007603463334,-0.9086333868387727,-1.544767706257136,0.3348717882330726,0.0007421836036332341,0.001631283358730487,0.0003348717882330726,-9.869316289923061e-09,2.775610220156131e-09,-2.216005081752031e-08,6.016367979764757e-09,1.4071656429698959e-09,-7.3707995988957926e-09
MNTS,38.426584765,26.71742915110002,44.279010560772974,4.641221541453319,43.828215281450355,4.263494351706851,-3.4500453096344974e-05,-0.04407325948772957,0.004263494351706851,3.8169463592708037e-07,-1.0859744216630751e-09,-2.659824845821421e-09,-9.823723586510185e-07,3.0033127733622143e-10,2.610433096161103e-07
MOI2,35.0502098957,24.8720833141,1.7227761331694251,-0.5581524289512128,-1.6152686435403167,-0.21755615429006753,0.00038625326247127,0.0016647628485700339,-0.00021755615429006753,8.724342906327261e-10,-2.7574342991267163e-09,-7.617964430891309e-09,-7.255208736316908e-09,1.722287474717947e-09,4.714310206791377e-10
MOIR,35.053947751,24.877751640099973,1.729855221183989,-0.5597225504890049,-1.6221354663890908,-0.21860073516399153,0.00038709700427908,0.0016717561766362438,-0.00021860073516399153,8.861826883346614e-10,-2.77080837535114e-09,-7.64896618708999e-09,-7.307965998495508e-09,1.7290100140786901e-09,4.774397956854746e-10
MOUD,39.8735947713,25.268779123900003,2.667742308809928,-0.6441465559392751,2.585142222609394,-0.13770958415541823,0.0009108387975653581,-0.0025036488934145618,-0.00013770958415541823,-3.088580323545907e-09,6.7306042379102884e-09,2.1489091308047302e-08,-9.364802625230066e-09,3.285321630739106e-09,1.6114788133889447e-09
MOZI,36.4555199472,25.422145591699973,5.076506117437359,-2.0157442023609935,-4.647566917396077,-0.3283464928280841,0.0015188987169006685,0.004832809703353105,-0.0003283464928280841,-4.979107744925937e-09,-1.547134588642174e-08,-5.52795098178062e-08,-2.6848494076224305e-08,1.0098952693313862e-08,-3.592805762713969e-09
MUG1,37.2142926908,28.355677467900023,1.555058152686896,-0.06371929845635943,-0.8150034108709945,1.32284358467313,-2.1820816623885353e-05,0.0008171992172591653,0.00132284358467313,-2.359649334563929e-09,-1.5715605429947257e-08,1.4375881446848699e-08,1.9957792534723018e-08,1.2558173195769525e-08,-1.1220971277271417e-08
MUGL,37.216358278,28.36444046790001,1.5412307730283237,-0.06862341717759661,-0.7974359684504607,1.317110093563112,-1.5107265418368154e-05,0.0008002406311199361,0.001317110093563112,-2.1733822379797415e-09,-1.541235678283341e-08,1.4007534779068333e-08,1.9685188980101877e-08,1.2510416669521549e-08,-1.1000368910116921e-08
MYKN,37.4416454862,25.329069226700028,3.2308909041962255,-0.8331856306169362,-2.3587745258890793,2.0446614574956192,0.0005820622761686933,0.0024329445258186866,0.002044661457495619,-2.3602162818234278e-08,4.907896563700278e-08,-6.106108669780362e-08,5.542398439592348e-08,-2.0545434872366186e-08,-3.466940142037782e-08
NAXO,37.0981906849,25.38116885810001,5.208611281570118,-2.5328376446274667,-4.48243388894482,0.7887657318218777,0.00205042056888477,0.004722632273795754,0.0007887657318218777,-4.191072371099326e-08,8.35654828770848e-09,-1.0370613478000003e-07,2.1350671138874137e-08,6.7005641066735475e-09,-2.9347021843573484e-08
NEA1,35.2613556909,25.61037009860001,2.5566145714525885,-0.5913346805691717,-2.46014541417262,-0.36645041089523184,0.0003309400677582175,0.0025084797856212843,-0.00036645041089523184,4.022954455347207e-09,-3.146697063887044e-09,-7.724488392091121e-09,-1.5435704747139558e-08,1.7361791073417216e-09,1.780553265833179e-09
NISY,36.6108545531,27.1320732378,9.604691038244312,1.416552958801397,-9.473382046163973,-0.7060455101901703,-0.002399031000709595,0.00927341576417801,-0.0007060455101901703,4.374271275204512e-09,3.760554896465157e-08,1.1827953788746229e-07,-8.711676351355201e-08,-2.0708576563505464e-08,-3.4416468787860493e-09
NOMI,36.4216642,25.42862161649998,5.014395340337304,-1.9582392655306653,-4.602961472071993,-0.3495787389862608,0.0014663713367842335,0.004782437708648474,-0.00034957873898626077,-3.827283236519994e-09,-1.520693750834601e-08,-5.2660948782317295e-08,-2.748040657443344e-08,9.749195387649023e-09,-2.9594240477751453e-09
ORE1,41.4141841606,26.5457880029,1.4970884889004663,0.040309959911201385,1.4808289990056485,-0.21632042537441526,0.00011469964189513016,-0.0014769304009712991,-0.00021632042537441526,2.1564480549500086e-09,8.602708106423662e-10,1.9118644684793983e-09,-7.2502553096706205e-09,4.0029875798585513e-10,-8.55150460384954e-10
PKMN,36.3961468882,25.384578179000016,4.737500346239336,-1.8693671941945336,-4.340990427001841,-0.3243114807795974,0.0014053695467155236,0.0045126121073295195,-0.00032431148077959743,-4.094775130235169e-09,-1.3990873526552167e-08,-4.9161495739930946e-08,-2.46534966467469e-08,9.127071750586172e-09,-2.9447559417599676e-09
PRKV,39.2457022095,26.265000586300005,8.45309663052789,-0.7628985262377969,8.404145645619014,-0.4931170762903364,0.0016371917177017692,-0.00827836224585525,-0.0004931170762903364,1.9431488351935897e-08,2.7319810445765748e-08,6.224884202636438e-08,-8.651689248744304e-08,6.11583045411921e-09,2.3226857627312082e-09
RETH,35.3877574853,24.6130793154,1.743496616462024,-0.6692641699979633,-1.6009535262551804,-0.16974607253944507,0.0004982526589860647,0.0016621404905378112,-0.00016974607253944507,-5.706910124808151e-10,-3.1640085160851876e-09,-1.0265443381539068e-08,-5.935156248661348e-09,2.2116730280745425e-09,-2.477895402784497e-10
RIBA,36.4549807144,25.3435632998,4.683594156348814,-1.9240642429287476,-4.262036216330894,-0.26282751216648303,0.0014680199216036693,0.004439807814535207,-0.00026282751216648303,-6.546874343899703e-09,-1.3596997782298469e-08,-5.196669414423561e-08,-2.1556790135104526e-08,9.373776319241472e-09,-4.2188184106471765e-09
RODO,36.2926041133,28.16165977240001,2.4723707841500544,0.7409626246997223,-2.3536527269485576,0.15463028178359298,-0.000982927256527072,0.0022633074865449562,0.000154630281783593,-1.0632083939431525e-08,1.4681945072143528e-09,2.9554526090328153e-08,1.4133434127992182e-09,-3.888350816794624e-09,-6.793631071185677e-09
SALH,38.4830903176,28.12354599150001,4.399881159868917,2.488068599886464,3.5511782946603425,0.7467272479036273,-0.002103239489835082,-0.0037917985556469094,0.0007467272479036273,-3.973723545086914e-08,5.254356332840746e-09,-7.656701181797753e-08,1.883803590317365e-08,-2.3412531492259224e-10,1.860706089757827e-08
SAM3,37.7927716773,26.7053359359,241.82304955228219,8.14507765955222,170.05001525562517,-171.74119283458765,0.009674608701411791,-0.16996985593037683,-0.17174119283458766,-1.5827188210574903e-06,3.199331216947078e-07,-9.23286285939735e-07,-6.231434892383929e-06,-8.855463898119128e-07,-6.399420295478631e-06
SAN6,36.4335964679,25.42261564260002,5.0182538749808705,-1.974747566861809,-4.600888577699198,-0.3392171819512277,0.0014830058803766977,0.004782101757177248,-0.0003392171819512277,-4.307913742902439e-09,-1.5224199724039897e-08,-5.344103400465675e-08,-2.7011709712797396e-08,9.843384912776522e-09,-3.2099325627351092e-09
SARY,41.4429694316,27.916436478399987,1.360267333982857,0.269619248323756,1.3186054823141298,-0.1972619143303725,-0.00013031044114811263,-0.0013395649092087067,-0.0001972619143303725,1.784035542849856e-09,-9.259004435858927e-10,-2.0787368318510432e-09,-6.204851953797874e-09,-4.4149714543857465e-10,-7.333171185443347e-10
SFAK,35.2007208585,24.13770803440002,1.2682180748229595,-0.5259169858641282,-1.1495330836084732,-0.10179439560623754,0.00040287703088304205,0.001198209115437568,-0.00010179439560623754,-9.875063261453049e-10,-1.9607388741276876e-09,-7.258580035757665e-09,-3.0368700815025765e-09,1.5499873050586538e-09,-4.687117617780162e-10
SIT1,35.2047582681,26.106062539999986,2.7483218050775866,-0.38420110055396733,-2.689328462278382,-0.4161426204769697,0.00010098503534158865,0.002714755990199588,-0.0004161426204769697,5.628842558891178e-09,-1.0284072233228654e-09,-2.4137799708563296e-09,-1.8274852739793334e-08,5.44997729820303e-10,2.420647504308316e-09
SIVA,35.017692185,24.8120244813,1.6552042110478307,-0.5443437547837209,-1.5493613506939308,-0.20705135081498793,0.000379409421705057,0.0015977732032793623,-0.00020705135081498793,7.289010769289229e-10,-2.6356652503285177e-09,-7.350275907752704e-09,-6.743589121186448e-09,1.6635802868634052e-09,4.076675335921938e-10
SKYR,38.9044471697,24.56458582670001,1.5280346778993672,-0.5506936438027779,1.3299580571588163,0.5126773388171059,0.0006866953583272439,-0.0012651092474479236,0.0005126773388171059,-1.067779384536072e-08,-5.896265265054712e-09,1.8201138286290297e-08,9.163288816960445e-09,-1.300640243877869e-09,7.176871452524858e-09
SLVR,41.0760828179,28.24847233029999,1.5196804155962362,0.39066472612714825,1.4544408421561832,-0.20349809329515273,-0.00023649415773720206,-0.0014873088465171443,-0.00020349809329515273,1.680402565201913e-09,-1.726982495180868e-09,-4.012191101343523e-09,-6.930464283141421e-09,-8.250014632379905e-10,-6.71673888721698e-10
SNTR,36.3576513179,25.357077533200027,4.521602369726321,-1.7797394882457087,-4.144390802751108,-0.3184968099771389,0.001336783087319715,0.004307720830021955,-0.0003184968099771389,-3.6721908179884943e-09,-1.306632612506641e-08,-4.556896258760044e-08,-2.316084030465457e-08,8.539540985350676e-09,-2.6152805668672573e-09
SVIL,41.7609151624,26.196166508899974,1.213315798225393,-0.014977276062281327,1.2003492813791437,-0.17627396324372546,0.00014036589474390737,-0.0011922080907704052,-0.00017627396324372546,1.412394083525528e-09,9.342849007126228e-10,2.1251769626775125e-09,-5.145805158098547e-09,4.584369158804038e-10,-6.057837328768339e-10
SVRT,40.8747144531,28.97351283749998,1.3166933807109804,0.46129955436629677,1.2244195937512314,-0.1472441455122632,-0.00033078580861128914,-0.001265931028627488,-0.0001472441455122632,3.6738186110745674e-10,-2.0481240860869224e-09,-5.3799409617783896e-09,-4.664565028316238e-09,-1.0879944297184961e-09,-1.7076792919181838e-10
SYR1,37.4403388988,24.93940574390001,1.879278023451158,-0.3404248369120199,-1.198570446475287,1.4068495671804953,0.00021327522714809088,0.001227588637221555,0.0014068495671804952,-7.600557804968898e-09,2.1825932382437167e-08,-2.3730214757756055e-08,2.5746437562119196e-08,-1.2790298741204718e-08,-1.6102685129367704e-08
SYRO,37.3930522719,24.884953749500028,1.8131492518558874,-0.42461603709703843,-1.2247964517671277,1.2677085951764404,0.00029426385509861985,0.001262471350488334,0.0012677085951764405,-8.817729503942488e-09,1.9591624124627657e-08,-2.37162000251175e-08,2.3240923932742624e-08,-1.0469974167192844e-08,-1.5302171874037018e-08
TEKR,40.9583356342,27.496498510899983,1.8884421332351118,0.31261741689064704,1.8436845206400154,-0.26327063943135803,-0.00011818735627835975,-0.0018662620421063371,-0.00026327063943135803,3.1495039622935863e-09,-9.994330230434753e-10,-2.1980918941516598e-09,-1.0347569828421866e-08,-4.4047749260096304e-10,-1.1415654436747542e-09
THIR,36.3848935045,25.45249573770002,5.021030292650455,-1.9094508112255233,-4.627914178672373,-0.38360546668016887,0.001415241882661289,0.0048021539395575324,-0.00038360546668016887,-2.2839016944676366e-09,-1.5173970054715044e-08,-5.037143534173498e-08,-2.9149677293543542e-08,9.469048388258498e-09,-2.177387004205393e-09
TILO,36.3804269932,27.3936541361,5.895881073307797,1.1312985028573455,-5.7738648322434045,-0.3795553016421819,-0.0017286343493185252,0.005623982102562253,-0.0003795553016421819,-5.10849070332535e-09,1.9268918809607054e-08,6.77909263053977e-08,-3.468681966429083e-08,-1.2184712985239562e-08,-4.19422099077527e-09
TUC2,35.5331895144,24.070559825299995,1.3077689958385548,-0.5856836614299774,-1.1677410896909715,-0.06012605639737524,0.00046041304345167955,0.0012225646949091257,-6.012605639737524e-05,-1.9482257352072813e-09,-1.8641761923737944e-09,-8.78806294120059e-09,-2.1863982309350677e-09,1.740401503610144e-09,-1.0443952646591579e-09
VAM0,35.4057111464,24.198751889499988,1.3796617391573187,-0.5885279756051901,-1.2442637658116167,-0.09438759194380086,0.00045524297843621553,0.0012989654835930675,-9.438759194380086e-05,-1.4433710296023499e-09,-2.1802632648278667e-09,-8.67652453838715e-09,-3.099068502492663e-09,1.7982714884063694e-09,-7.273367685951929e-10
WNRY,36.3874339544,25.436655543799983,4.954457488052523,-1.9009771530669948,-4.560293814141824,-0.3696690318877663,0.0014138828968787431,0.0047340182679935505,-0.0003696690318877663,-2.728065778088271e-09,-1.4909481216475935e-08,-5.012153259466438e-08,-2.8070399305602397e-08,9.39643324158071e-09,-2.36288038171631e-09
XIOS,38.3679125922,26.12716884560001,24.54101909554825,-7.618486759926011,23.117476952246058,3.1309003655926713,0.00999318623276338,-0.0221944882812401,0.0031309003655926714,-1.7794187969252387e-07,1.2331313096758348e-07,7.065836373696269e-07,-9.033619776078352e-08,-7.860794932819976e-08,1.0298431613978788e-07
YEN1,39.9289807391,27.258899585099982,4.127136527512649,0.738014139727003,4.03450693220023,-0.4597225906135781,-0.00031225041138430165,-0.004089548964983674,-0.0004597225906135781,1.019450193289093e-08,-3.887226544940721e-09,-8.4012639522153e-09,-3.324947688957084e-08,-1.3413042661582954e-09,-2.20908529029948e-09
YENC,39.9359400202,27.24170605910001,4.118474226526031,0.719247084461042,4.028963801511033,-0.4603957777469837,-0.0002941655789433506,-0.004082074508697369,-0.00046039577774698373,1.0236368353302245e-08,-3.661976006033987e-09,-7.904629978880317e-09,-3.321347192196602e-08,-1.2639838728660709e-09,-2.2308836630841663e-09
YLDZ,41.0232384763,28.888744027500024,1.2839836847162232,0.4240804249403373,1.2021956034638928,-0.15328283273726134,-0.0002960936090230376,-0.0012399383252812224,-0.00015328283273726134,6.032017409417762e-10,-1.858842781465483e-09,-4.724745771829986e-09,-4.729025454526337e-09,-9.717782282321598e-10,-2.738142594154669e-10
YSST,40.8657784477,28.99086930160001,1.3124026301509566,0.4629598156886972,1.219366688451561,-0.14564941393397313,-0.000332965147274461,-0.0012610793482363968,-0.00014564941393397312,3.318970147404143e-10,-2.0508811895848877e-09,-5.412060770107243e-09,-4.60971363052957e-09,-1.0933003497973152e-09,-1.5612414445370493e-10
ZKRO,35.1148955564,26.21696793609999,2.6061802104723633,-0.3036313700977598,-2.5574838744152233,-0.3990733173947214,3.463818645846328e-05,0.0025752118306733938,-0.0003990733173947214,5.271738519276699e-09,-3.443480012244901e-10,-8.051049645694291e-10,-1.6946991063401134e-08,1.8291018056549925e-10,2.291182369052244e-09
